Workbook

Sheet All by family
A1: Framework | B1: Domain ID | C1: Domain | D1: Control ID | E1: Level (StackVet's, derived) | F1: How the level was set | G1: Control (official text) | H1: In plain words (StackVet's wording) | I1: Critical | J1: Severity if the answer is No | K1: StackVet coverage | L1: How StackVet handles it | M1: Checks that speak to it directly | N1: ASVS counterparts, and their StackVet coverage | O1: Verification class | P1: What a person does | Q1: StackVet's instruction to the person | R1: Prompts in StackVet's prompt library
A2: Secure by Design checklist 0.5.0 | B2: D | C2: Access Control & Secure Communication | D2: SBD-AC-01 | E2: 1 | F2: level 1, from the checklist's severity; its ASVS counterpart V12.3.1 is level 2 | G2: All communications use TLS/mTLS; service identity is verified (e.g., mesh-issued certs). | H2: All communications use TLS or mutual TLS (mTLS), and each service's identity is verified, for example with certificates issued by a service mesh. | I2: Yes | J2: high | K2: A check helps; a person decides | L2: A person answers it (design review); checks on its ASVS counterparts are shown beside it | N2: V12.3.1 (all communications encrypted with TLS on every connection): Can be checked V12.3.3 (all communications between internal services encrypted with TLS): Can only be found failing V12.3.4 (service identity verified with trusted certificates between internal services): Can only be found failing V12.3.5 (service identity verified with strong authentication, such as TLS client certificates, between services): No check yet | O2: manual-only | P2: A person reviews it outside StackVet: StackVet records no answer for this control, so it stays not verified in the report | R2: Draw everything the app talks to (design prompt, design-what-the-app-talks-to; trial result: untested)
A3: Secure by Design checklist 0.5.0 | B3: D | C3: Access Control & Secure Communication | D3: SBD-AC-02 | E3: 1 | F3: level 1, from the checklist's severity; its ASVS counterpart V6.3.3 is level 2 | G3: Central IdP (OIDC/OAuth2) is used; MFA enforced on privileged/admin paths; tokens are short-lived. | H3: A central identity provider (IdP, using OIDC or OAuth2) is used, multi-factor authentication (MFA) is enforced on privileged and admin paths, and tokens are short-lived. | I3: Yes | J3: high | K3: The owner answers | L3: A person answers it (design review); no check speaks to it | N3: V6.3.3 (multi-factor authentication (MFA) enforced): The owner answers | O3: manual-only | P3: A person reviews it outside StackVet: StackVet records no answer for this control, so it stays not verified in the report | R3: Decide how sign-in works and how long it lasts (design prompt, design-sign-in; trial result: shown)
A4: Secure by Design checklist 0.5.0 | B4: D | C4: Access Control & Secure Communication | D4: SBD-AC-03 | E4: 1 | F4: level 1, as its ASVS counterpart V8.1.1 | G4: RBAC/ABAC governs APIs and publish/consume on messaging; least privilege is applied. | H4: Role- or attribute-based access control (RBAC or ABAC) governs the APIs and who may publish or consume messages, and least privilege (only the access needed) is applied. | I4: No | J4: high | K4: A check helps; a person decides | L4: A person answers it (design review); checks on its ASVS counterparts are shown beside it | N4: V8.1.1 (access rules that apply least privilege by permissions and attributes): The owner answers V8.2.1 (access restricted to explicit permissions, least privilege): Can be checked | O4: manual-only | P4: A person reviews it outside StackVet: StackVet records no answer for this control, so it stays not verified in the report | R4: Decide who may do what, before any page exists (design prompt, design-who-may-do-what; trial result: not-shown)
A5: Secure by Design checklist 0.5.0 | B5: D | C5: Access Control & Secure Communication | D5: SBD-AC-04 | E5: 1 | F5: level 1, as its ASVS counterpart V8.3.1 | G5: Authorization is centralized at gateway/mesh via policy-as-code; shared integration services are governed. | H5: Authorization is centralized at the gateway or service mesh using policy-as-code (access rules written as code), and shared integration services are governed. | I5: No | J5: medium | K5: A check helps; a person decides | L5: A person answers it (design review); checks on its ASVS counterparts are shown beside it | N5: V8.3.1 (authorization enforced centrally at a trusted service layer): A check helps; a person decides | O5: manual-only | P5: A person reviews it outside StackVet: StackVet records no answer for this control, so it stays not verified in the report
A6: Secure by Design checklist 0.5.0 | B6: D | C6: Access Control & Secure Communication | D6: SBD-AC-05 | E6: 1 | F6: level 1, from the checklist's severity; its ASVS counterpart V13.3.1 is level 2 | G6: Secrets are stored in a secret manager; keys/certs rotate automatically; no secrets in code/logs. | H6: Secrets are stored in a secret manager, keys and certificates rotate automatically, and no secrets appear in code or logs. | I6: No | J6: high | K6: A check helps; a person decides | L6: A person answers it (design review); checks on its ASVS counterparts are shown beside it | M6: [Reads the code] secrets.anthropic-key [Reads the code] secrets.openai-key [Reads the code] secrets.huggingface-token [Reads the code] secrets.aws-access-key [Reads the code] secrets.github-token [Reads the code] secrets.slack-token [Reads the code] secrets.stripe-key [Reads the code] secrets.stripe-test-key [Reads the code] secrets.google-api-key [Reads the code] secrets.private-key-block [Reads the code] secrets.jwt [Reads the code] secrets.sendgrid-key [Reads the code] secrets.twilio-key [Reads the code] secrets.groq-key [Reads the code] secrets.replicate-token [Reads the code] secrets.resend-key [Reads the code] secrets.supabase-token [Reads the code] secrets.openrouter-key [Reads the code] secrets.pinecone-key [Reads the code] secrets.perplexity-key [Reads the code] secrets.xai-key [Reads the code] config.secret-under-public-name [Reads the code] secrets.credential-assignment [Reads the code] secrets.password-in-url [Outside tools] brakeman | N6: V13.3.1 (secrets kept in a secret manager or key vault): A check helps; a person decides V13.3.2 (least privilege access to secrets): Can only be found failing V13.3.4 (secrets that expire and are rotated): No check yet | O6: manual-only | P6: A person reviews it outside StackVet: StackVet records no answer for this control, so it stays not verified in the report
A7: Secure by Design checklist 0.5.0 | B7: D | C7: Access Control & Secure Communication | D7: SBD-AC-06 | E7: 1 | F7: shown at every level: nothing in ASVS asks the same thing, and the checklist has no levels | G7: Applicable regulatory controls (e.g., privacy/financial) are identified with evidence of design alignment. | H7: The regulatory controls that apply, such as privacy or financial rules, are identified, with evidence that the design aligns with them. | I7: No | J7: medium | K7: The owner answers | L7: A person answers it (design review); no check speaks to it | O7: manual-only | P7: Owner writes a section in design-decisions.md (heading: Rules that might apply) | Q7: Asks: Which laws or industry rules might apply to this app, from what it keeps and who uses it, and what each would mean for the design? | R7: Flag the rules that might apply (design prompt, design-which-rules-apply; trial result: untested)
A8: Secure by Design checklist 0.5.0 | B8: D | C8: Access Control & Secure Communication | D8: SBD-AC-07 | E8: 1 | F8: shown at every level: nothing in ASVS asks the same thing, and the checklist has no levels | G8: Least privilege extends to CI/CD, VCS apps, chat-ops, and third-party tooling; periodic reviews are scheduled. | H8: Least privilege (only the access needed) extends to CI/CD build pipelines, version-control (VCS) apps, chat-ops, and third-party tooling, and periodic reviews are scheduled. | I8: No | J8: low | K8: The owner answers | L8: A person answers it (design review); no check speaks to it | O8: manual-only | P8: A person reviews it outside StackVet: StackVet records no answer for this control, so it stays not verified in the report
A9: Secure by Design checklist 0.5.0 | B9: A | C9: Architecture & Service Design | D9: SBD-AS-01 | E9: 1 | F9: shown at every level: nothing in ASVS asks the same thing, and the checklist has no levels | G9: Trust zones (logical network "Spaces") are enforced; cross-zone traffic flows only via governed integration layers (gateway/bus). | H9: The system is split into trust zones (separate network areas, called Spaces) that are enforced, and traffic between zones flows only through a governed integration layer, such as a gateway or message bus. | I9: Yes | J9: high | K9: The owner answers | L9: A person answers it (design review); no check speaks to it | O9: manual-only | P9: A person reviews it outside StackVet: StackVet records no answer for this control, so it stays not verified in the report | R9: Draw everything the app talks to (design prompt, design-what-the-app-talks-to; trial result: untested)
A10: Secure by Design checklist 0.5.0 | B10: A | C10: Architecture & Service Design | D10: SBD-AS-02 | E10: 1 | F10: shown at every level: nothing in ASVS asks the same thing, and the checklist has no levels | G10: Service addressing & discovery are unified and consistent across environments; intra-zone shortcuts are not used externally. | H10: Services are addressed and discovered in one unified, consistent way across environments, and shortcuts that work only inside a zone are not used from outside it. | I10: No | J10: low | K10: The owner answers | L10: A person answers it (design review); no check speaks to it | O10: manual-only | P10: A person reviews it outside StackVet: StackVet records no answer for this control, so it stays not verified in the report
A11: Secure by Design checklist 0.5.0 | B11: A | C11: Architecture & Service Design | D11: SBD-AS-03 | E11: 1 | F11: shown at every level: nothing in ASVS asks the same thing, and the checklist has no levels | G11: Service boundaries are clear; no circular dependencies; services are right-sized; each service owns its data. | H11: Each service has clear boundaries, is right-sized for its job, and owns its own data, and no services depend on each other in a circle (circular dependencies). | I11: No | J11: medium | K11: The owner answers | L11: A person answers it (design review); no check speaks to it | O11: manual-only | P11: A person reviews it outside StackVet: StackVet records no answer for this control, so it stays not verified in the report
A12: Secure by Design checklist 0.5.0 | B12: A | C12: Architecture & Service Design | D12: SBD-AS-04 | E12: 1 | F12: shown at every level: nothing in ASVS asks the same thing, and the checklist has no levels | G12: Architecture avoids long synchronous chains; event-driven or queued handoffs are used where appropriate. | H12: The architecture avoids long synchronous chains of services each waiting on the next, and uses event-driven or queued handoffs instead where appropriate. | I12: No | J12: low | K12: The owner answers | L12: A person answers it (design review); no check speaks to it | O12: manual-only | P12: A person reviews it outside StackVet: StackVet records no answer for this control, so it stays not verified in the report
A13: Secure by Design checklist 0.5.0 | B13: A | C13: Architecture & Service Design | D13: SBD-AS-05 | E13: 1 | F13: shown at every level: nothing in ASVS asks the same thing, and the checklist has no levels | G13: API/event contracts are defined and versioned; consumers are notified before breaking changes take effect. | H13: The contracts for APIs and events (the agreed formats services exchange) are defined and versioned, and consumers are notified before breaking changes take effect. | I13: No | J13: medium | K13: The owner answers | L13: A person answers it (design review); no check speaks to it | O13: manual-only | P13: A person reviews it outside StackVet: StackVet records no answer for this control, so it stays not verified in the report
A14: Secure by Design checklist 0.5.0 | B14: A | C14: Architecture & Service Design | D14: SBD-AS-06 | E14: 1 | F14: shown at every level: nothing in ASVS asks the same thing, and the checklist has no levels | G14: Messaging has durability (persistence/replication/retention) with a defined DLQ strategy and triage. | H14: Messaging is durable (messages are persisted, replicated, and retained), with a defined strategy for the dead-letter queue (DLQ, where undeliverable messages go) and for triage of what lands there. | I14: No | J14: low | K14: The owner answers | L14: A person answers it (design review); no check speaks to it | O14: manual-only | P14: A person reviews it outside StackVet: StackVet records no answer for this control, so it stays not verified in the report
A15: Secure by Design checklist 0.5.0 | B15: A | C15: Architecture & Service Design | D15: SBD-AS-07 | E15: 2 | F15: level 2, as its ASVS counterpart V16.5.2 | G15: Startup resilience: services handle missing dependencies; autoscaling defined with minimum replicas. | H15: Services start up safely when a dependency is missing, and autoscaling (adding or removing copies as load changes) is defined with a minimum number of replicas. | I15: No | J15: low | K15: A check helps; a person decides | L15: A person answers it (design review); checks on its ASVS counterparts are shown beside it | N15: V16.5.2 (services keep operating securely when a dependency they access fails, handled with fallback patterns): Can be checked | O15: manual-only | P15: A person reviews it outside StackVet: StackVet records no answer for this control, so it stays not verified in the report | R15: Decide what happens when something the app relies on fails (design prompt, design-when-things-fail; trial result: not-shown)
A16: Secure by Design checklist 0.5.0 | B16: A | C16: Architecture & Service Design | D16: SBD-AS-08 | E16: 1 | F16: shown at every level: nothing in ASVS asks the same thing, and the checklist has no levels | G16: Legacy integrations are isolated behind an anti-corruption layer; migration path is defined. | H16: Legacy integrations are isolated behind an anti-corruption layer (a translator that keeps an old system's quirks out of new code), and a migration path is defined. | I16: No | J16: low | K16: The owner answers | L16: A person answers it (design review); no check speaks to it | O16: manual-only | P16: A person reviews it outside StackVet: StackVet records no answer for this control, so it stays not verified in the report
A17: Secure by Design checklist 0.5.0 | B17: B | C17: Data Management & Protection | D17: SBD-DM-01 | E17: 2 | F17: level 2, as its ASVS counterpart V14.1.1 | G17: Data are classified with named owners; controls are proportional to classification. | H17: Data are classified, each class has named owners, and the controls protecting data are proportional to its classification. | I17: No | J17: medium | K17: The owner answers | L17: A person answers it (design review); no check speaks to it | N17: V14.1.1 (data classified into protection levels): The owner answers V14.1.2 (each data classification has documented protection controls): The owner answers | O17: manual-only | P17: A person reviews it outside StackVet: StackVet records no answer for this control, so it stays not verified in the report | R17: List the app's data, and keep only what it needs (design prompt, design-data-list; trial result: untested)
A18: Secure by Design checklist 0.5.0 | B18: B | C18: Data Management & Protection | D18: SBD-DM-02 | E18: 1 | F18: level 1, as its ASVS counterpart V12.2.1 | G18: Encryption in transit (TLS/mTLS) and at rest with managed keys and rotation is designed in. | H18: Encryption is designed in, both in transit (TLS or mutual TLS) and at rest, with managed keys and key rotation. | I18: Yes | J18: high | K18: A check helps; a person decides | L18: A person answers it (design review); checks on its ASVS counterparts are shown beside it | N18: V12.2.1 (encryption in transit with TLS for every client connection): Can be checked V12.3.1 (encryption in transit with TLS for every inbound and outbound connection): Can be checked | O18: manual-only | P18: A person reviews it outside StackVet: StackVet records no answer for this control, so it stays not verified in the report
A19: Secure by Design checklist 0.5.0 | B19: B | C19: Data Management & Protection | D19: SBD-DM-03 | E19: 1 | F19: shown at every level: nothing in ASVS asks the same thing, and the checklist has no levels | G19: Handlers and workflows are idempotent; duplicate detection/suppression is in place where needed. | H19: Handlers and workflows are idempotent (handling the same request twice has the same effect as once), and duplicate detection or suppression is in place where needed. | I19: No | J19: medium | K19: The owner answers | L19: A person answers it (design review); no check speaks to it | O19: manual-only | P19: A person reviews it outside StackVet: StackVet records no answer for this control, so it stays not verified in the report | R19: Make the actions that must happen once happen once (design prompt, design-actions-once; trial result: not-shown)
A20: Secure by Design checklist 0.5.0 | B20: B | C20: Data Management & Protection | D20: SBD-DM-04 | E20: 2 | F20: level 2, as its ASVS counterpart V2.3.3 | G20: Cross-service transactions use Sagas/compensations; 2PC is avoided; prefer intra-service ACID first. | H20: Transactions across services use Sagas (steps that each have a compensating step to undo them), two-phase commit (2PC) is avoided, and ordinary ACID transactions within one service are preferred first. | I20: No | J20: low | K20: The owner answers | L20: A person answers it (design review); no check speaks to it | N20: V2.3.3 (transactions that either succeed entirely or are rolled back): The owner answers | O20: manual-only | P20: A person reviews it outside StackVet: StackVet records no answer for this control, so it stays not verified in the report
A21: Secure by Design checklist 0.5.0 | B21: B | C21: Data Management & Protection | D21: SBD-DM-05 | E21: 2 | F21: level 2, as its ASVS counterpart V14.1.2 | G21: Retention/deletion policies exist per data class; minimization is applied to collection/storage. | H21: Each class of data has retention and deletion policies, and minimization is applied, so only the data needed is collected and stored. | I21: No | J21: medium | K21: The owner answers | L21: A person answers it (design review); no check speaks to it | N21: V14.1.2 (retention requirements defined for each data class): The owner answers V14.2.7 (retention classification that deletes outdated data): No check yet | O21: manual-only | P21: A person reviews it outside StackVet: StackVet records no answer for this control, so it stays not verified in the report | R21: List the app's data, and keep only what it needs (design prompt, design-data-list; trial result: untested)
A22: Secure by Design checklist 0.5.0 | B22: B | C22: Data Management & Protection | D22: SBD-DM-06 | E22: 1 | F22: shown at every level: nothing in ASVS asks the same thing, and the checklist has no levels | G22: Consistency model is documented; UX handles staleness/conflicts; event-sourcing considered where appropriate. | H22: The consistency model (how up to date each copy of the data is) is documented, the user experience handles stale data and conflicts, and event sourcing is considered where appropriate. | I22: No | J22: low | K22: The owner answers | L22: A person answers it (design review); no check speaks to it | O22: manual-only | P22: A person reviews it outside StackVet: StackVet records no answer for this control, so it stays not verified in the report
A23: Secure by Design checklist 0.5.0 | B23: E | C23: Monitoring, Testing & Incident Readiness | D23: SBD-MT-01 | E23: 2 | F23: level 2, as its ASVS counterpart V16.1.1 | G23: Structured centralized logs with correlation/trace IDs; administrative access is logged. | H23: Logs are structured and centralized, carry correlation or trace IDs that link related entries, and administrative access is logged. | I23: No | J23: medium | K23: A check helps; a person decides | L23: A person answers it (design review); checks on its ASVS counterparts are shown beside it | N23: V16.1.1 (logs with a documented structure, formats and storage): The owner answers V16.2.1 (log entries carrying the metadata needed to trace an event): Can be checked V16.4.3 (logs sent to a separate, centralized system): The owner answers | O23: manual-only | P23: A person reviews it outside StackVet: StackVet records no answer for this control, so it stays not verified in the report | R23: Decide what the app logs, and how each line reads (design prompt, design-logging; trial result: shown)
A24: Secure by Design checklist 0.5.0 | B24: E | C24: Monitoring, Testing & Incident Readiness | D24: SBD-MT-02 | E24: 1 | F24: shown at every level: nothing in ASVS asks the same thing, and the checklist has no levels | G24: Metrics/SLOs and dashboards cover service health and event-flow anomalies; alerts are actionable. | H24: Metrics, service level objectives (SLOs), and dashboards cover service health and anomalies in event flow, and alerts are actionable. | I24: No | J24: low | K24: The owner answers | L24: A person answers it (design review); no check speaks to it | O24: manual-only | P24: A person reviews it outside StackVet: StackVet records no answer for this control, so it stays not verified in the report
A25: Secure by Design checklist 0.5.0 | B25: E | C25: Monitoring, Testing & Incident Readiness | D25: SBD-MT-03 | E25: 1 | F25: shown at every level: nothing in ASVS asks the same thing, and the checklist has no levels | G25: ASVS-aligned security tests and negative tests from threat-modeling are planned in the test strategy. | H25: The test strategy plans security tests aligned with ASVS, and negative tests (checking that what should fail does fail) drawn from threat modeling. | I25: No | J25: medium | K25: The owner answers | L25: A person answers it (design review); no check speaks to it | O25: manual-only | P25: A person reviews it outside StackVet: StackVet records no answer for this control, so it stays not verified in the report | R25: Write the design brief before any code (design prompt, design-brief; trial result: untested)
A26: Secure by Design checklist 0.5.0 | B26: E | C26: Monitoring, Testing & Incident Readiness | D26: SBD-MT-04 | E26: 1 | F26: shown at every level: nothing in ASVS asks the same thing, and the checklist has no levels | G26: SbD controls are verifiable in test (isolation, mTLS, authZ denials, rate-limit behavior). | H26: Secure by Design (SbD) controls are verifiable in tests, including isolation, mTLS, authorization denials, and rate-limit behavior. | I26: No | J26: medium | K26: The owner answers | L26: A person answers it (design review); no check speaks to it | O26: manual-only | P26: A person reviews it outside StackVet: StackVet records no answer for this control, so it stays not verified in the report
A27: Secure by Design checklist 0.5.0 | B27: E | C27: Monitoring, Testing & Incident Readiness | D27: SBD-MT-05 | E27: 1 | F27: shown at every level: nothing in ASVS asks the same thing, and the checklist has no levels | G27: OpenAPI/AsyncAPI and event catalogs are published; ADRs/runbooks are current. | H27: API descriptions (OpenAPI and AsyncAPI) and event catalogs are published, and decision records (ADRs) and runbooks are kept current. | I27: No | J27: low | K27: The owner answers | L27: A person answers it (design review); no check speaks to it | O27: manual-only | P27: A person reviews it outside StackVet: StackVet records no answer for this control, so it stays not verified in the report | R27: Before changing the design, re-read what was decided (design prompt, design-before-changing; trial result: untested)
A28: Secure by Design checklist 0.5.0 | B28: E | C28: Monitoring, Testing & Incident Readiness | D28: SBD-MT-06 | E28: 1 | F28: shown at every level: nothing in ASVS asks the same thing, and the checklist has no levels | G28: A documented Incident Response plan (roles, comms, evidence handling) exists and is rehearsed. | H28: A documented Incident Response plan, covering roles, communications, and evidence handling, exists and is rehearsed. | I28: Yes | J28: medium | K28: The owner answers | L28: A person answers it (design review); no check speaks to it | O28: manual-only | P28: Owner writes a section in design-decisions.md (heading: What we do if something goes wrong) | Q28: Asks: What is the plan when something goes wrong: how to take the app offline, what to do if a key leaks, what to do if someone else's data may have been seen, and who to ask for help? | R28: Write "what we do if..." on one page (design prompt, design-what-we-do-if; trial result: untested)
A29: Secure by Design checklist 0.5.0 | B29: E | C29: Monitoring, Testing & Incident Readiness | D29: SBD-MT-07 | E29: 1 | F29: level 1, from the checklist's severity; its ASVS counterpart V16.4.2 is level 2 | G29: Audit log retention ≥12 months with tamper-evidence and a searchable hot window is defined. | H29: Audit log retention of at least 12 months is defined, with tamper-evidence (changes can be detected) and a searchable hot window of recent logs. | I29: Yes | J29: medium | K29: A check helps; a person decides | L29: A person answers it (design review); checks on its ASVS counterparts are shown beside it | N29: V16.4.2 (audit logs protected so they cannot be modified, tamper-evident): Can only be found failing | O29: manual-only | P29: A person reviews it outside StackVet: StackVet records no answer for this control, so it stays not verified in the report | R29: Decide what the app logs, and how each line reads (design prompt, design-logging; trial result: shown)
A30: Secure by Design checklist 0.5.0 | B30: C | C30: Reliability & Resilience | D30: SBD-RR-01 | E30: 2 | F30: level 2, as its ASVS counterpart V16.5.1 | G30: Retries use exponential backoff + jitter; default exception handling and safe error models exist. | H30: Retries wait longer after each failure (exponential backoff) plus a small random delay (jitter), and default exception handling and safe error models exist. | I30: No | J30: medium | K30: A check helps; a person decides | L30: A person answers it (design review); checks on its ASVS counterparts are shown beside it | N30: V16.5.1 (safe error handling that exposes nothing when an exception occurs): Can be checked V16.5.3 (safe error handling that fails securely when an exception occurs): Can only be found failing | O30: manual-only | P30: A person reviews it outside StackVet: StackVet records no answer for this control, so it stays not verified in the report | R30: Decide what happens when something the app relies on fails (design prompt, design-when-things-fail; trial result: not-shown)
A31: Secure by Design checklist 0.5.0 | B31: C | C31: Reliability & Resilience | D31: SBD-RR-02 | E31: 2 | F31: level 2, as its ASVS counterpart V16.5.2 | G31: Circuit breakers/bulkheads protect dependencies; non-critical features have fallback/degraded modes. | H31: Circuit breakers and bulkheads (which stop calls to a failing dependency and keep failures contained) protect dependencies, and non-critical features have fallback or degraded modes. | I31: No | J31: low | K31: A check helps; a person decides | L31: A person answers it (design review); checks on its ASVS counterparts are shown beside it | N31: V16.5.2 (circuit breakers and graceful degradation when a dependency fails): Can be checked | O31: manual-only | P31: A person reviews it outside StackVet: StackVet records no answer for this control, so it stays not verified in the report
A32: Secure by Design checklist 0.5.0 | B32: C | C32: Reliability & Resilience | D32: SBD-RR-03 | E32: 1 | F32: shown at every level: nothing in ASVS asks the same thing, and the checklist has no levels | G32: Asynchronous semantics are defined: ordering, delivery guarantees, ack/visibility timeouts; DLQs are monitored. | H32: Asynchronous messaging semantics are defined, including ordering, delivery guarantees, and acknowledgment and visibility timeouts, and dead-letter queues (DLQs) are monitored. | I32: No | J32: low | K32: The owner answers | L32: A person answers it (design review); no check speaks to it | O32: manual-only | P32: A person reviews it outside StackVet: StackVet records no answer for this control, so it stays not verified in the report
A33: Secure by Design checklist 0.5.0 | B33: C | C33: Reliability & Resilience | D33: SBD-RR-04 | E33: 1 | F33: shown at every level: nothing in ASVS asks the same thing, and the checklist has no levels | G33: Shared integration layers (gateway/bus) are high-availability and contain errors to prevent cross-zone failure propagation. | H33: Shared integration layers, such as a gateway or message bus, are highly available and contain errors, so a failure does not spread from one zone to another. | I33: No | J33: low | K33: The owner answers | L33: A person answers it (design review); no check speaks to it | O33: manual-only | P33: A person reviews it outside StackVet: StackVet records no answer for this control, so it stays not verified in the report
A34: Secure by Design checklist 0.5.0 | B34: C | C34: Reliability & Resilience | D34: SBD-RR-05 | E34: 2 | F34: level 2, as its ASVS counterpart V2.3.4 | G34: All mutating endpoints enforce an Idempotency-Key; concurrency controls (locks/optimistic concurrency) are in place. | H34: Every endpoint that changes data enforces an Idempotency-Key (so a repeated request is not applied twice), and concurrency controls, such as locks or optimistic concurrency, are in place. | I34: No | J34: medium | K34: A check helps; a person decides | L34: A person answers it (design review); checks on its ASVS counterparts are shown beside it | N34: V2.3.4 (locking and concurrency controls against double-booking): A check helps; a person decides | O34: manual-only | P34: A person reviews it outside StackVet: StackVet records no answer for this control, so it stays not verified in the report | R34: Make the actions that must happen once happen once (design prompt, design-actions-once; trial result: not-shown)
A35: Secure by Design checklist 0.5.0 | B35: C | C35: Reliability & Resilience | D35: SBD-RR-06 | E35: 1 | F35: level 1, from the checklist's severity; its ASVS counterpart V13.1.3 is level 3 | G35: Timeouts on all calls; health probes; explicit failover/multi-AZ strategies for critical paths. | H35: All calls have timeouts, services have health probes, and critical paths have explicit failover strategies, such as running across multiple availability zones (multi-AZ). | I35: Yes | J35: medium | K35: The owner answers | L35: A person answers it (design review); no check speaks to it | N35: V13.2.6 (timeouts and retry strategies on every connection to other services): No check yet V13.1.3 (timeouts and failure handling defined for every external service): No check yet | O35: manual-only | P35: A person reviews it outside StackVet: StackVet records no answer for this control, so it stays not verified in the report | R35: Decide what happens when something the app relies on fails (design prompt, design-when-things-fail; trial result: not-shown)
A36: Secure by Design checklist 0.5.0 | B36: C | C36: Reliability & Resilience | D36: SBD-RR-07 | E36: 2 | F36: level 2, as its ASVS counterpart V2.4.1 | G36: Quotas and autoscaling are defined; rate-limits enforced at edges; minimum capacity documented. | H36: Quotas and autoscaling are defined, rate limits are enforced at the edges where traffic comes in, and the minimum capacity is documented. | I36: No | J36: medium | K36: A check helps; a person decides | L36: A person answers it (design review); checks on its ASVS counterparts are shown beside it | N36: V2.4.1 (rate limits and quotas against excessive calls): Can be checked | O36: manual-only | P36: A person reviews it outside StackVet: StackVet records no answer for this control, so it stays not verified in the report | R36: Decide the limits on abuse, write them down, and enforce them (design prompt, design-limits; trial result: shown)
A37: Secure by Design checklist 0.5.0 | B37: C | C37: Reliability & Resilience | D37: SBD-RR-08 | E37: 1 | F37: shown at every level: nothing in ASVS asks the same thing, and the checklist has no levels | G37: Caching/CDN/back-pressure patterns are applied where appropriate; performance guardrails are defined. | H37: Caching, a CDN (content delivery network), and back-pressure (slowing senders when the system is overloaded) are applied where appropriate, and performance guardrails are defined. | I37: No | J37: low | K37: The owner answers | L37: A person answers it (design review); no check speaks to it | O37: manual-only | P37: A person reviews it outside StackVet: StackVet records no answer for this control, so it stays not verified in the report

Sheet Level 1
A1: Framework | B1: Domain ID | C1: Domain | D1: Control ID | E1: Level (StackVet's, derived) | F1: How the level was set | G1: Control (official text) | H1: In plain words (StackVet's wording) | I1: Critical | J1: Severity if the answer is No | K1: StackVet coverage | L1: How StackVet handles it | M1: Checks that speak to it directly | N1: ASVS counterparts, and their StackVet coverage | O1: Verification class | P1: What a person does | Q1: StackVet's instruction to the person | R1: Prompts in StackVet's prompt library
A2: Secure by Design checklist 0.5.0 | B2: D | C2: Access Control & Secure Communication | D2: SBD-AC-01 | E2: 1 | F2: level 1, from the checklist's severity; its ASVS counterpart V12.3.1 is level 2 | G2: All communications use TLS/mTLS; service identity is verified (e.g., mesh-issued certs). | H2: All communications use TLS or mutual TLS (mTLS), and each service's identity is verified, for example with certificates issued by a service mesh. | I2: Yes | J2: high | K2: A check helps; a person decides | L2: A person answers it (design review); checks on its ASVS counterparts are shown beside it | N2: V12.3.1 (all communications encrypted with TLS on every connection): Can be checked V12.3.3 (all communications between internal services encrypted with TLS): Can only be found failing V12.3.4 (service identity verified with trusted certificates between internal services): Can only be found failing V12.3.5 (service identity verified with strong authentication, such as TLS client certificates, between services): No check yet | O2: manual-only | P2: A person reviews it outside StackVet: StackVet records no answer for this control, so it stays not verified in the report | R2: Draw everything the app talks to (design prompt, design-what-the-app-talks-to; trial result: untested)
A3: Secure by Design checklist 0.5.0 | B3: D | C3: Access Control & Secure Communication | D3: SBD-AC-02 | E3: 1 | F3: level 1, from the checklist's severity; its ASVS counterpart V6.3.3 is level 2 | G3: Central IdP (OIDC/OAuth2) is used; MFA enforced on privileged/admin paths; tokens are short-lived. | H3: A central identity provider (IdP, using OIDC or OAuth2) is used, multi-factor authentication (MFA) is enforced on privileged and admin paths, and tokens are short-lived. | I3: Yes | J3: high | K3: The owner answers | L3: A person answers it (design review); no check speaks to it | N3: V6.3.3 (multi-factor authentication (MFA) enforced): The owner answers | O3: manual-only | P3: A person reviews it outside StackVet: StackVet records no answer for this control, so it stays not verified in the report | R3: Decide how sign-in works and how long it lasts (design prompt, design-sign-in; trial result: shown)
A4: Secure by Design checklist 0.5.0 | B4: D | C4: Access Control & Secure Communication | D4: SBD-AC-03 | E4: 1 | F4: level 1, as its ASVS counterpart V8.1.1 | G4: RBAC/ABAC governs APIs and publish/consume on messaging; least privilege is applied. | H4: Role- or attribute-based access control (RBAC or ABAC) governs the APIs and who may publish or consume messages, and least privilege (only the access needed) is applied. | I4: No | J4: high | K4: A check helps; a person decides | L4: A person answers it (design review); checks on its ASVS counterparts are shown beside it | N4: V8.1.1 (access rules that apply least privilege by permissions and attributes): The owner answers V8.2.1 (access restricted to explicit permissions, least privilege): Can be checked | O4: manual-only | P4: A person reviews it outside StackVet: StackVet records no answer for this control, so it stays not verified in the report | R4: Decide who may do what, before any page exists (design prompt, design-who-may-do-what; trial result: not-shown)
A5: Secure by Design checklist 0.5.0 | B5: D | C5: Access Control & Secure Communication | D5: SBD-AC-04 | E5: 1 | F5: level 1, as its ASVS counterpart V8.3.1 | G5: Authorization is centralized at gateway/mesh via policy-as-code; shared integration services are governed. | H5: Authorization is centralized at the gateway or service mesh using policy-as-code (access rules written as code), and shared integration services are governed. | I5: No | J5: medium | K5: A check helps; a person decides | L5: A person answers it (design review); checks on its ASVS counterparts are shown beside it | N5: V8.3.1 (authorization enforced centrally at a trusted service layer): A check helps; a person decides | O5: manual-only | P5: A person reviews it outside StackVet: StackVet records no answer for this control, so it stays not verified in the report
A6: Secure by Design checklist 0.5.0 | B6: D | C6: Access Control & Secure Communication | D6: SBD-AC-05 | E6: 1 | F6: level 1, from the checklist's severity; its ASVS counterpart V13.3.1 is level 2 | G6: Secrets are stored in a secret manager; keys/certs rotate automatically; no secrets in code/logs. | H6: Secrets are stored in a secret manager, keys and certificates rotate automatically, and no secrets appear in code or logs. | I6: No | J6: high | K6: A check helps; a person decides | L6: A person answers it (design review); checks on its ASVS counterparts are shown beside it | M6: [Reads the code] secrets.anthropic-key [Reads the code] secrets.openai-key [Reads the code] secrets.huggingface-token [Reads the code] secrets.aws-access-key [Reads the code] secrets.github-token [Reads the code] secrets.slack-token [Reads the code] secrets.stripe-key [Reads the code] secrets.stripe-test-key [Reads the code] secrets.google-api-key [Reads the code] secrets.private-key-block [Reads the code] secrets.jwt [Reads the code] secrets.sendgrid-key [Reads the code] secrets.twilio-key [Reads the code] secrets.groq-key [Reads the code] secrets.replicate-token [Reads the code] secrets.resend-key [Reads the code] secrets.supabase-token [Reads the code] secrets.openrouter-key [Reads the code] secrets.pinecone-key [Reads the code] secrets.perplexity-key [Reads the code] secrets.xai-key [Reads the code] config.secret-under-public-name [Reads the code] secrets.credential-assignment [Reads the code] secrets.password-in-url [Outside tools] brakeman | N6: V13.3.1 (secrets kept in a secret manager or key vault): A check helps; a person decides V13.3.2 (least privilege access to secrets): Can only be found failing V13.3.4 (secrets that expire and are rotated): No check yet | O6: manual-only | P6: A person reviews it outside StackVet: StackVet records no answer for this control, so it stays not verified in the report
A7: Secure by Design checklist 0.5.0 | B7: D | C7: Access Control & Secure Communication | D7: SBD-AC-06 | E7: 1 | F7: shown at every level: nothing in ASVS asks the same thing, and the checklist has no levels | G7: Applicable regulatory controls (e.g., privacy/financial) are identified with evidence of design alignment. | H7: The regulatory controls that apply, such as privacy or financial rules, are identified, with evidence that the design aligns with them. | I7: No | J7: medium | K7: The owner answers | L7: A person answers it (design review); no check speaks to it | O7: manual-only | P7: Owner writes a section in design-decisions.md (heading: Rules that might apply) | Q7: Asks: Which laws or industry rules might apply to this app, from what it keeps and who uses it, and what each would mean for the design? | R7: Flag the rules that might apply (design prompt, design-which-rules-apply; trial result: untested)
A8: Secure by Design checklist 0.5.0 | B8: D | C8: Access Control & Secure Communication | D8: SBD-AC-07 | E8: 1 | F8: shown at every level: nothing in ASVS asks the same thing, and the checklist has no levels | G8: Least privilege extends to CI/CD, VCS apps, chat-ops, and third-party tooling; periodic reviews are scheduled. | H8: Least privilege (only the access needed) extends to CI/CD build pipelines, version-control (VCS) apps, chat-ops, and third-party tooling, and periodic reviews are scheduled. | I8: No | J8: low | K8: The owner answers | L8: A person answers it (design review); no check speaks to it | O8: manual-only | P8: A person reviews it outside StackVet: StackVet records no answer for this control, so it stays not verified in the report
A9: Secure by Design checklist 0.5.0 | B9: A | C9: Architecture & Service Design | D9: SBD-AS-01 | E9: 1 | F9: shown at every level: nothing in ASVS asks the same thing, and the checklist has no levels | G9: Trust zones (logical network "Spaces") are enforced; cross-zone traffic flows only via governed integration layers (gateway/bus). | H9: The system is split into trust zones (separate network areas, called Spaces) that are enforced, and traffic between zones flows only through a governed integration layer, such as a gateway or message bus. | I9: Yes | J9: high | K9: The owner answers | L9: A person answers it (design review); no check speaks to it | O9: manual-only | P9: A person reviews it outside StackVet: StackVet records no answer for this control, so it stays not verified in the report | R9: Draw everything the app talks to (design prompt, design-what-the-app-talks-to; trial result: untested)
A10: Secure by Design checklist 0.5.0 | B10: A | C10: Architecture & Service Design | D10: SBD-AS-02 | E10: 1 | F10: shown at every level: nothing in ASVS asks the same thing, and the checklist has no levels | G10: Service addressing & discovery are unified and consistent across environments; intra-zone shortcuts are not used externally. | H10: Services are addressed and discovered in one unified, consistent way across environments, and shortcuts that work only inside a zone are not used from outside it. | I10: No | J10: low | K10: The owner answers | L10: A person answers it (design review); no check speaks to it | O10: manual-only | P10: A person reviews it outside StackVet: StackVet records no answer for this control, so it stays not verified in the report
A11: Secure by Design checklist 0.5.0 | B11: A | C11: Architecture & Service Design | D11: SBD-AS-03 | E11: 1 | F11: shown at every level: nothing in ASVS asks the same thing, and the checklist has no levels | G11: Service boundaries are clear; no circular dependencies; services are right-sized; each service owns its data. | H11: Each service has clear boundaries, is right-sized for its job, and owns its own data, and no services depend on each other in a circle (circular dependencies). | I11: No | J11: medium | K11: The owner answers | L11: A person answers it (design review); no check speaks to it | O11: manual-only | P11: A person reviews it outside StackVet: StackVet records no answer for this control, so it stays not verified in the report
A12: Secure by Design checklist 0.5.0 | B12: A | C12: Architecture & Service Design | D12: SBD-AS-04 | E12: 1 | F12: shown at every level: nothing in ASVS asks the same thing, and the checklist has no levels | G12: Architecture avoids long synchronous chains; event-driven or queued handoffs are used where appropriate. | H12: The architecture avoids long synchronous chains of services each waiting on the next, and uses event-driven or queued handoffs instead where appropriate. | I12: No | J12: low | K12: The owner answers | L12: A person answers it (design review); no check speaks to it | O12: manual-only | P12: A person reviews it outside StackVet: StackVet records no answer for this control, so it stays not verified in the report
A13: Secure by Design checklist 0.5.0 | B13: A | C13: Architecture & Service Design | D13: SBD-AS-05 | E13: 1 | F13: shown at every level: nothing in ASVS asks the same thing, and the checklist has no levels | G13: API/event contracts are defined and versioned; consumers are notified before breaking changes take effect. | H13: The contracts for APIs and events (the agreed formats services exchange) are defined and versioned, and consumers are notified before breaking changes take effect. | I13: No | J13: medium | K13: The owner answers | L13: A person answers it (design review); no check speaks to it | O13: manual-only | P13: A person reviews it outside StackVet: StackVet records no answer for this control, so it stays not verified in the report
A14: Secure by Design checklist 0.5.0 | B14: A | C14: Architecture & Service Design | D14: SBD-AS-06 | E14: 1 | F14: shown at every level: nothing in ASVS asks the same thing, and the checklist has no levels | G14: Messaging has durability (persistence/replication/retention) with a defined DLQ strategy and triage. | H14: Messaging is durable (messages are persisted, replicated, and retained), with a defined strategy for the dead-letter queue (DLQ, where undeliverable messages go) and for triage of what lands there. | I14: No | J14: low | K14: The owner answers | L14: A person answers it (design review); no check speaks to it | O14: manual-only | P14: A person reviews it outside StackVet: StackVet records no answer for this control, so it stays not verified in the report
A15: Secure by Design checklist 0.5.0 | B15: A | C15: Architecture & Service Design | D15: SBD-AS-08 | E15: 1 | F15: shown at every level: nothing in ASVS asks the same thing, and the checklist has no levels | G15: Legacy integrations are isolated behind an anti-corruption layer; migration path is defined. | H15: Legacy integrations are isolated behind an anti-corruption layer (a translator that keeps an old system's quirks out of new code), and a migration path is defined. | I15: No | J15: low | K15: The owner answers | L15: A person answers it (design review); no check speaks to it | O15: manual-only | P15: A person reviews it outside StackVet: StackVet records no answer for this control, so it stays not verified in the report
A16: Secure by Design checklist 0.5.0 | B16: B | C16: Data Management & Protection | D16: SBD-DM-02 | E16: 1 | F16: level 1, as its ASVS counterpart V12.2.1 | G16: Encryption in transit (TLS/mTLS) and at rest with managed keys and rotation is designed in. | H16: Encryption is designed in, both in transit (TLS or mutual TLS) and at rest, with managed keys and key rotation. | I16: Yes | J16: high | K16: A check helps; a person decides | L16: A person answers it (design review); checks on its ASVS counterparts are shown beside it | N16: V12.2.1 (encryption in transit with TLS for every client connection): Can be checked V12.3.1 (encryption in transit with TLS for every inbound and outbound connection): Can be checked | O16: manual-only | P16: A person reviews it outside StackVet: StackVet records no answer for this control, so it stays not verified in the report
A17: Secure by Design checklist 0.5.0 | B17: B | C17: Data Management & Protection | D17: SBD-DM-03 | E17: 1 | F17: shown at every level: nothing in ASVS asks the same thing, and the checklist has no levels | G17: Handlers and workflows are idempotent; duplicate detection/suppression is in place where needed. | H17: Handlers and workflows are idempotent (handling the same request twice has the same effect as once), and duplicate detection or suppression is in place where needed. | I17: No | J17: medium | K17: The owner answers | L17: A person answers it (design review); no check speaks to it | O17: manual-only | P17: A person reviews it outside StackVet: StackVet records no answer for this control, so it stays not verified in the report | R17: Make the actions that must happen once happen once (design prompt, design-actions-once; trial result: not-shown)
A18: Secure by Design checklist 0.5.0 | B18: B | C18: Data Management & Protection | D18: SBD-DM-06 | E18: 1 | F18: shown at every level: nothing in ASVS asks the same thing, and the checklist has no levels | G18: Consistency model is documented; UX handles staleness/conflicts; event-sourcing considered where appropriate. | H18: The consistency model (how up to date each copy of the data is) is documented, the user experience handles stale data and conflicts, and event sourcing is considered where appropriate. | I18: No | J18: low | K18: The owner answers | L18: A person answers it (design review); no check speaks to it | O18: manual-only | P18: A person reviews it outside StackVet: StackVet records no answer for this control, so it stays not verified in the report
A19: Secure by Design checklist 0.5.0 | B19: E | C19: Monitoring, Testing & Incident Readiness | D19: SBD-MT-02 | E19: 1 | F19: shown at every level: nothing in ASVS asks the same thing, and the checklist has no levels | G19: Metrics/SLOs and dashboards cover service health and event-flow anomalies; alerts are actionable. | H19: Metrics, service level objectives (SLOs), and dashboards cover service health and anomalies in event flow, and alerts are actionable. | I19: No | J19: low | K19: The owner answers | L19: A person answers it (design review); no check speaks to it | O19: manual-only | P19: A person reviews it outside StackVet: StackVet records no answer for this control, so it stays not verified in the report
A20: Secure by Design checklist 0.5.0 | B20: E | C20: Monitoring, Testing & Incident Readiness | D20: SBD-MT-03 | E20: 1 | F20: shown at every level: nothing in ASVS asks the same thing, and the checklist has no levels | G20: ASVS-aligned security tests and negative tests from threat-modeling are planned in the test strategy. | H20: The test strategy plans security tests aligned with ASVS, and negative tests (checking that what should fail does fail) drawn from threat modeling. | I20: No | J20: medium | K20: The owner answers | L20: A person answers it (design review); no check speaks to it | O20: manual-only | P20: A person reviews it outside StackVet: StackVet records no answer for this control, so it stays not verified in the report | R20: Write the design brief before any code (design prompt, design-brief; trial result: untested)
A21: Secure by Design checklist 0.5.0 | B21: E | C21: Monitoring, Testing & Incident Readiness | D21: SBD-MT-04 | E21: 1 | F21: shown at every level: nothing in ASVS asks the same thing, and the checklist has no levels | G21: SbD controls are verifiable in test (isolation, mTLS, authZ denials, rate-limit behavior). | H21: Secure by Design (SbD) controls are verifiable in tests, including isolation, mTLS, authorization denials, and rate-limit behavior. | I21: No | J21: medium | K21: The owner answers | L21: A person answers it (design review); no check speaks to it | O21: manual-only | P21: A person reviews it outside StackVet: StackVet records no answer for this control, so it stays not verified in the report
A22: Secure by Design checklist 0.5.0 | B22: E | C22: Monitoring, Testing & Incident Readiness | D22: SBD-MT-05 | E22: 1 | F22: shown at every level: nothing in ASVS asks the same thing, and the checklist has no levels | G22: OpenAPI/AsyncAPI and event catalogs are published; ADRs/runbooks are current. | H22: API descriptions (OpenAPI and AsyncAPI) and event catalogs are published, and decision records (ADRs) and runbooks are kept current. | I22: No | J22: low | K22: The owner answers | L22: A person answers it (design review); no check speaks to it | O22: manual-only | P22: A person reviews it outside StackVet: StackVet records no answer for this control, so it stays not verified in the report | R22: Before changing the design, re-read what was decided (design prompt, design-before-changing; trial result: untested)
A23: Secure by Design checklist 0.5.0 | B23: E | C23: Monitoring, Testing & Incident Readiness | D23: SBD-MT-06 | E23: 1 | F23: shown at every level: nothing in ASVS asks the same thing, and the checklist has no levels | G23: A documented Incident Response plan (roles, comms, evidence handling) exists and is rehearsed. | H23: A documented Incident Response plan, covering roles, communications, and evidence handling, exists and is rehearsed. | I23: Yes | J23: medium | K23: The owner answers | L23: A person answers it (design review); no check speaks to it | O23: manual-only | P23: Owner writes a section in design-decisions.md (heading: What we do if something goes wrong) | Q23: Asks: What is the plan when something goes wrong: how to take the app offline, what to do if a key leaks, what to do if someone else's data may have been seen, and who to ask for help? | R23: Write "what we do if..." on one page (design prompt, design-what-we-do-if; trial result: untested)
A24: Secure by Design checklist 0.5.0 | B24: E | C24: Monitoring, Testing & Incident Readiness | D24: SBD-MT-07 | E24: 1 | F24: level 1, from the checklist's severity; its ASVS counterpart V16.4.2 is level 2 | G24: Audit log retention ≥12 months with tamper-evidence and a searchable hot window is defined. | H24: Audit log retention of at least 12 months is defined, with tamper-evidence (changes can be detected) and a searchable hot window of recent logs. | I24: Yes | J24: medium | K24: A check helps; a person decides | L24: A person answers it (design review); checks on its ASVS counterparts are shown beside it | N24: V16.4.2 (audit logs protected so they cannot be modified, tamper-evident): Can only be found failing | O24: manual-only | P24: A person reviews it outside StackVet: StackVet records no answer for this control, so it stays not verified in the report | R24: Decide what the app logs, and how each line reads (design prompt, design-logging; trial result: shown)
A25: Secure by Design checklist 0.5.0 | B25: C | C25: Reliability & Resilience | D25: SBD-RR-03 | E25: 1 | F25: shown at every level: nothing in ASVS asks the same thing, and the checklist has no levels | G25: Asynchronous semantics are defined: ordering, delivery guarantees, ack/visibility timeouts; DLQs are monitored. | H25: Asynchronous messaging semantics are defined, including ordering, delivery guarantees, and acknowledgment and visibility timeouts, and dead-letter queues (DLQs) are monitored. | I25: No | J25: low | K25: The owner answers | L25: A person answers it (design review); no check speaks to it | O25: manual-only | P25: A person reviews it outside StackVet: StackVet records no answer for this control, so it stays not verified in the report
A26: Secure by Design checklist 0.5.0 | B26: C | C26: Reliability & Resilience | D26: SBD-RR-04 | E26: 1 | F26: shown at every level: nothing in ASVS asks the same thing, and the checklist has no levels | G26: Shared integration layers (gateway/bus) are high-availability and contain errors to prevent cross-zone failure propagation. | H26: Shared integration layers, such as a gateway or message bus, are highly available and contain errors, so a failure does not spread from one zone to another. | I26: No | J26: low | K26: The owner answers | L26: A person answers it (design review); no check speaks to it | O26: manual-only | P26: A person reviews it outside StackVet: StackVet records no answer for this control, so it stays not verified in the report
A27: Secure by Design checklist 0.5.0 | B27: C | C27: Reliability & Resilience | D27: SBD-RR-06 | E27: 1 | F27: level 1, from the checklist's severity; its ASVS counterpart V13.1.3 is level 3 | G27: Timeouts on all calls; health probes; explicit failover/multi-AZ strategies for critical paths. | H27: All calls have timeouts, services have health probes, and critical paths have explicit failover strategies, such as running across multiple availability zones (multi-AZ). | I27: Yes | J27: medium | K27: The owner answers | L27: A person answers it (design review); no check speaks to it | N27: V13.2.6 (timeouts and retry strategies on every connection to other services): No check yet V13.1.3 (timeouts and failure handling defined for every external service): No check yet | O27: manual-only | P27: A person reviews it outside StackVet: StackVet records no answer for this control, so it stays not verified in the report | R27: Decide what happens when something the app relies on fails (design prompt, design-when-things-fail; trial result: not-shown)
A28: Secure by Design checklist 0.5.0 | B28: C | C28: Reliability & Resilience | D28: SBD-RR-08 | E28: 1 | F28: shown at every level: nothing in ASVS asks the same thing, and the checklist has no levels | G28: Caching/CDN/back-pressure patterns are applied where appropriate; performance guardrails are defined. | H28: Caching, a CDN (content delivery network), and back-pressure (slowing senders when the system is overloaded) are applied where appropriate, and performance guardrails are defined. | I28: No | J28: low | K28: The owner answers | L28: A person answers it (design review); no check speaks to it | O28: manual-only | P28: A person reviews it outside StackVet: StackVet records no answer for this control, so it stays not verified in the report

Sheet Level 2
A1: Framework | B1: Domain ID | C1: Domain | D1: Control ID | E1: Level (StackVet's, derived) | F1: How the level was set | G1: Control (official text) | H1: In plain words (StackVet's wording) | I1: Critical | J1: Severity if the answer is No | K1: StackVet coverage | L1: How StackVet handles it | M1: Checks that speak to it directly | N1: ASVS counterparts, and their StackVet coverage | O1: Verification class | P1: What a person does | Q1: StackVet's instruction to the person | R1: Prompts in StackVet's prompt library
A2: Secure by Design checklist 0.5.0 | B2: A | C2: Architecture & Service Design | D2: SBD-AS-07 | E2: 2 | F2: level 2, as its ASVS counterpart V16.5.2 | G2: Startup resilience: services handle missing dependencies; autoscaling defined with minimum replicas. | H2: Services start up safely when a dependency is missing, and autoscaling (adding or removing copies as load changes) is defined with a minimum number of replicas. | I2: No | J2: low | K2: A check helps; a person decides | L2: A person answers it (design review); checks on its ASVS counterparts are shown beside it | N2: V16.5.2 (services keep operating securely when a dependency they access fails, handled with fallback patterns): Can be checked | O2: manual-only | P2: A person reviews it outside StackVet: StackVet records no answer for this control, so it stays not verified in the report | R2: Decide what happens when something the app relies on fails (design prompt, design-when-things-fail; trial result: not-shown)
A3: Secure by Design checklist 0.5.0 | B3: B | C3: Data Management & Protection | D3: SBD-DM-01 | E3: 2 | F3: level 2, as its ASVS counterpart V14.1.1 | G3: Data are classified with named owners; controls are proportional to classification. | H3: Data are classified, each class has named owners, and the controls protecting data are proportional to its classification. | I3: No | J3: medium | K3: The owner answers | L3: A person answers it (design review); no check speaks to it | N3: V14.1.1 (data classified into protection levels): The owner answers V14.1.2 (each data classification has documented protection controls): The owner answers | O3: manual-only | P3: A person reviews it outside StackVet: StackVet records no answer for this control, so it stays not verified in the report | R3: List the app's data, and keep only what it needs (design prompt, design-data-list; trial result: untested)
A4: Secure by Design checklist 0.5.0 | B4: B | C4: Data Management & Protection | D4: SBD-DM-04 | E4: 2 | F4: level 2, as its ASVS counterpart V2.3.3 | G4: Cross-service transactions use Sagas/compensations; 2PC is avoided; prefer intra-service ACID first. | H4: Transactions across services use Sagas (steps that each have a compensating step to undo them), two-phase commit (2PC) is avoided, and ordinary ACID transactions within one service are preferred first. | I4: No | J4: low | K4: The owner answers | L4: A person answers it (design review); no check speaks to it | N4: V2.3.3 (transactions that either succeed entirely or are rolled back): The owner answers | O4: manual-only | P4: A person reviews it outside StackVet: StackVet records no answer for this control, so it stays not verified in the report
A5: Secure by Design checklist 0.5.0 | B5: B | C5: Data Management & Protection | D5: SBD-DM-05 | E5: 2 | F5: level 2, as its ASVS counterpart V14.1.2 | G5: Retention/deletion policies exist per data class; minimization is applied to collection/storage. | H5: Each class of data has retention and deletion policies, and minimization is applied, so only the data needed is collected and stored. | I5: No | J5: medium | K5: The owner answers | L5: A person answers it (design review); no check speaks to it | N5: V14.1.2 (retention requirements defined for each data class): The owner answers V14.2.7 (retention classification that deletes outdated data): No check yet | O5: manual-only | P5: A person reviews it outside StackVet: StackVet records no answer for this control, so it stays not verified in the report | R5: List the app's data, and keep only what it needs (design prompt, design-data-list; trial result: untested)
A6: Secure by Design checklist 0.5.0 | B6: E | C6: Monitoring, Testing & Incident Readiness | D6: SBD-MT-01 | E6: 2 | F6: level 2, as its ASVS counterpart V16.1.1 | G6: Structured centralized logs with correlation/trace IDs; administrative access is logged. | H6: Logs are structured and centralized, carry correlation or trace IDs that link related entries, and administrative access is logged. | I6: No | J6: medium | K6: A check helps; a person decides | L6: A person answers it (design review); checks on its ASVS counterparts are shown beside it | N6: V16.1.1 (logs with a documented structure, formats and storage): The owner answers V16.2.1 (log entries carrying the metadata needed to trace an event): Can be checked V16.4.3 (logs sent to a separate, centralized system): The owner answers | O6: manual-only | P6: A person reviews it outside StackVet: StackVet records no answer for this control, so it stays not verified in the report | R6: Decide what the app logs, and how each line reads (design prompt, design-logging; trial result: shown)
A7: Secure by Design checklist 0.5.0 | B7: C | C7: Reliability & Resilience | D7: SBD-RR-01 | E7: 2 | F7: level 2, as its ASVS counterpart V16.5.1 | G7: Retries use exponential backoff + jitter; default exception handling and safe error models exist. | H7: Retries wait longer after each failure (exponential backoff) plus a small random delay (jitter), and default exception handling and safe error models exist. | I7: No | J7: medium | K7: A check helps; a person decides | L7: A person answers it (design review); checks on its ASVS counterparts are shown beside it | N7: V16.5.1 (safe error handling that exposes nothing when an exception occurs): Can be checked V16.5.3 (safe error handling that fails securely when an exception occurs): Can only be found failing | O7: manual-only | P7: A person reviews it outside StackVet: StackVet records no answer for this control, so it stays not verified in the report | R7: Decide what happens when something the app relies on fails (design prompt, design-when-things-fail; trial result: not-shown)
A8: Secure by Design checklist 0.5.0 | B8: C | C8: Reliability & Resilience | D8: SBD-RR-02 | E8: 2 | F8: level 2, as its ASVS counterpart V16.5.2 | G8: Circuit breakers/bulkheads protect dependencies; non-critical features have fallback/degraded modes. | H8: Circuit breakers and bulkheads (which stop calls to a failing dependency and keep failures contained) protect dependencies, and non-critical features have fallback or degraded modes. | I8: No | J8: low | K8: A check helps; a person decides | L8: A person answers it (design review); checks on its ASVS counterparts are shown beside it | N8: V16.5.2 (circuit breakers and graceful degradation when a dependency fails): Can be checked | O8: manual-only | P8: A person reviews it outside StackVet: StackVet records no answer for this control, so it stays not verified in the report
A9: Secure by Design checklist 0.5.0 | B9: C | C9: Reliability & Resilience | D9: SBD-RR-05 | E9: 2 | F9: level 2, as its ASVS counterpart V2.3.4 | G9: All mutating endpoints enforce an Idempotency-Key; concurrency controls (locks/optimistic concurrency) are in place. | H9: Every endpoint that changes data enforces an Idempotency-Key (so a repeated request is not applied twice), and concurrency controls, such as locks or optimistic concurrency, are in place. | I9: No | J9: medium | K9: A check helps; a person decides | L9: A person answers it (design review); checks on its ASVS counterparts are shown beside it | N9: V2.3.4 (locking and concurrency controls against double-booking): A check helps; a person decides | O9: manual-only | P9: A person reviews it outside StackVet: StackVet records no answer for this control, so it stays not verified in the report | R9: Make the actions that must happen once happen once (design prompt, design-actions-once; trial result: not-shown)
A10: Secure by Design checklist 0.5.0 | B10: C | C10: Reliability & Resilience | D10: SBD-RR-07 | E10: 2 | F10: level 2, as its ASVS counterpart V2.4.1 | G10: Quotas and autoscaling are defined; rate-limits enforced at edges; minimum capacity documented. | H10: Quotas and autoscaling are defined, rate limits are enforced at the edges where traffic comes in, and the minimum capacity is documented. | I10: No | J10: medium | K10: A check helps; a person decides | L10: A person answers it (design review); checks on its ASVS counterparts are shown beside it | N10: V2.4.1 (rate limits and quotas against excessive calls): Can be checked | O10: manual-only | P10: A person reviews it outside StackVet: StackVet records no answer for this control, so it stays not verified in the report | R10: Decide the limits on abuse, write them down, and enforce them (design prompt, design-limits; trial result: shown)

Sheet Level 3
A1: No requirement is at level 3.

Sheet Key and counts
A1: OWASP Secure by Design checklist 0.5.0: every control, and what StackVet does about it
A3: Source: OWASP Secure by Design Framework 0.5.0 (draft, August 2025; CC BY-SA 4.0), https://github.com/OWASP/www-project-secure-by-design-framework
A5: The checklist has no levels of its own. The level sheets use the level StackVet derives (sv-frameworks, load.rs):
A6: a critical control, or one whose absence is high severity, is level 1; medium is level 2; low is level 3.
A7: An ASVS requirement that asks the same thing (data/sbd-asvs-crosswalk.json) can only lower it, to its own level.
A8: A control nothing in ASVS matches is level 1, so it is shown at every level.
A9: This mapping is StackVet's, not OWASP's; 'How the level was set' says which rule set each control's level.
A11: Every control is a design-review question answered by a person, so StackVet never marks one checked.
A12: Where a control has ASVS counterparts, their checks are shown beside it as supporting evidence.
A14: Built on 20 October 2026 from StackVet's main branch at d6a23f2d, by reading its data/ folder and tools/coverage.py.
A16: StackVet coverage | B16: Level 1 | C16: Level 2 | D16: Level 3 | E16: All levels
A17: A check helps; a person decides | B17: =COUNTIFS('All by family'!$K$2:$K$37,$A17,'All by family'!$E$2:$E$37,1) -> 6 | C17: =COUNTIFS('All by family'!$K$2:$K$37,$A17,'All by family'!$E$2:$E$37,2) -> 6 | D17: =COUNTIFS('All by family'!$K$2:$K$37,$A17,'All by family'!$E$2:$E$37,3) -> 0 | E17: =SUM(B17:D17) -> 12
A18: The owner answers | B18: =COUNTIFS('All by family'!$K$2:$K$37,$A18,'All by family'!$E$2:$E$37,1) -> 21 | C18: =COUNTIFS('All by family'!$K$2:$K$37,$A18,'All by family'!$E$2:$E$37,2) -> 3 | D18: =COUNTIFS('All by family'!$K$2:$K$37,$A18,'All by family'!$E$2:$E$37,3) -> 0 | E18: =SUM(B18:D18) -> 24
A19: Total | B19: =SUM(B17:B18) -> 27 | C19: =SUM(C17:C18) -> 9 | D19: =SUM(D17:D18) -> 0 | E19: =SUM(E17:E18) -> 36
A20: Rows on the first sheet (should equal the total) | E20: =COUNTA('All by family'!$D$2:$D$37) -> 36
A22: By family
A23: Domain | B23: Level 1 | C23: Level 2 | D23: Level 3 | E23: All levels
A24: D Access Control & Secure Communication | B24: =COUNTIFS('All by family'!$B$2:$B$37,$F24,'All by family'!$E$2:$E$37,1) -> 7 | C24: =COUNTIFS('All by family'!$B$2:$B$37,$F24,'All by family'!$E$2:$E$37,2) -> 0 | D24: =COUNTIFS('All by family'!$B$2:$B$37,$F24,'All by family'!$E$2:$E$37,3) -> 0 | E24: =SUM(B24:D24) -> 7 | F24: D
A25: A Architecture & Service Design | B25: =COUNTIFS('All by family'!$B$2:$B$37,$F25,'All by family'!$E$2:$E$37,1) -> 7 | C25: =COUNTIFS('All by family'!$B$2:$B$37,$F25,'All by family'!$E$2:$E$37,2) -> 1 | D25: =COUNTIFS('All by family'!$B$2:$B$37,$F25,'All by family'!$E$2:$E$37,3) -> 0 | E25: =SUM(B25:D25) -> 8 | F25: A
A26: B Data Management & Protection | B26: =COUNTIFS('All by family'!$B$2:$B$37,$F26,'All by family'!$E$2:$E$37,1) -> 3 | C26: =COUNTIFS('All by family'!$B$2:$B$37,$F26,'All by family'!$E$2:$E$37,2) -> 3 | D26: =COUNTIFS('All by family'!$B$2:$B$37,$F26,'All by family'!$E$2:$E$37,3) -> 0 | E26: =SUM(B26:D26) -> 6 | F26: B
A27: E Monitoring, Testing & Incident Readiness | B27: =COUNTIFS('All by family'!$B$2:$B$37,$F27,'All by family'!$E$2:$E$37,1) -> 6 | C27: =COUNTIFS('All by family'!$B$2:$B$37,$F27,'All by family'!$E$2:$E$37,2) -> 1 | D27: =COUNTIFS('All by family'!$B$2:$B$37,$F27,'All by family'!$E$2:$E$37,3) -> 0 | E27: =SUM(B27:D27) -> 7 | F27: E
A28: C Reliability & Resilience | B28: =COUNTIFS('All by family'!$B$2:$B$37,$F28,'All by family'!$E$2:$E$37,1) -> 4 | C28: =COUNTIFS('All by family'!$B$2:$B$37,$F28,'All by family'!$E$2:$E$37,2) -> 4 | D28: =COUNTIFS('All by family'!$B$2:$B$37,$F28,'All by family'!$E$2:$E$37,3) -> 0 | E28: =SUM(B28:D28) -> 8 | F28: C
